Name,Email

Tanner,t@email.com
Jeremy,t@email.com
Mike,t@email.com
Daniel,t@email.com
Cruz,t@email.com
Tanner,t@email.com
Jeremy,t@email.com
Mike,t@email.com
Daniel,t@email.com
Cruz,t@email.com
Tanner,t@email.com
Jeremy,t@email.com
Mike,t@email.com
Daniel,t@email.com
Cruz,t@email.com
Tanner,t@email.com
Jeremy,t@email.com
Mike,t@email.com
Daniel,t@email.com
Cruz,t@email.com
Tanner,t@email.com
Jeremy,t@email.com
Mike,t@email.com
Daniel,t@email.com
Cruz,t@email.com
Tanner,t@email.com
Jeremy,t@email.com
Mike,t@email.com
Daniel,t@email.com
Cruz,t@email.com
Tanner,t@email.com
Jeremy,t@email.com
Mike,t@email.com
Daniel,t@email.com
Cruz,t@email.com
Ben Bryant,bbryant@truecoders.io
Elizabeth Turner,pirate@bootstrap.com
